ctttaa	miR-75-3p,miR-79-3p
aaatag	miR-245-5p
aactta	miR-4809-5p
caggtg	lin-4-3p
actatca	miR-1022-3p
agcaca	miR-M1-3p
ggtaaa	miR-252-3p
gtgctga	miR-2215-5p
tttgga	miR-800-3p
ccgacta	miR-75-5p
tatgcgga	miR-50-3p
cagtatt	miR-236-3p
tgtagaa	miR-4816-3p
agataa	miR-2216-3p
agttcaaa	miR-5594-3p
gtagtc	miR-2218b-5p
gattca	miR-2215-3p
tcctgtga	miR-249-3p
tctgcca	miR-55-5p, miR-2210-5p, miR-2212-5p
ttccata	miR-51-3p
atccga	miR-228-3p
ccggcga	miR-271
cacgat	miR-795-3p
tgttata	miR-4811-3p
tgccata	miR-228-5p
tcactta	miR-86-5p, miR-785, miR-2221
acacta	miR-2208a-5p,miR-2208b-5p,miR-2209a-5p,miR-2209c-5p
ccagtga	miR-359
gctcta	miR-4812-5p
gaccgaa	miR-2214-5p
atcagcg	miR-4931
tcggtg	miR-259-3p
atcagca	miR-39-5p
agttaga	miR-63-5p
tgtgata	miR-2-3p, miR-43-3p, miR-250-3p, miR-797-5p
cagccat	miR-5593-5p
ctacttaa	miR-251,miR-252-5p
tacctga	miR-2211-3p
aatgagc	miR-67-5p
tgtgat	miR-2-3p,miR-43-3p,miR-250-3p,miR-797-5p
ggtcttaa	miR-2220-5p
cgatgat	miR-392-3p
gatggag	miR-2211-5p
cctgtg	miR-249-3p
tgcccaca	miR-1832b-3p
tactcta	miR-5594-5p
tcacgata	miR-795-3p
aaccgga	miR-38-5p, miR-5545-5p
ttgtca	miR-800-5p
cactct	miR-2217-5p
aatcctca	miR-240-5p
gagcta	miR-4806-3p,miR-4808-3p
tccaca	miR-40-5p
atttgc	miR-254
gagctt	miR-231-3p,miR-787-3p
agtgat	miR-71-3p,miR-2953-3p
aaccagc	miR-35-5p
ttgccca	miR-4814-3p
tttcgaaa	miR-4925
aaggga	miR-5546-5p
gatact	miR-257
cgtgctg	miR-2215-5p
tcgccgga	miR-4935
tgatgaa	miR-77-3p, miR-4938
gtccgcc	miR-2213-5p
agacctc	miR-1821
cgcatt	miR-4807
ctcacta	miR-1021
ttacacta	miR-2209a-5p,miR-2209c-5p
tggcatta	miR-357-3p
acgtgtaa	miR-248
tcgcatta	miR-4807
gccact	miR-2212-3p
cacgata	miR-795-3p
caattga	miR-2220-3p
tcactt	miR-86-5p,miR-785,miR-2221
gatagtca	miR-4813-5p
acgggca	miR-273
tgcaat	miR-235-3p
aaataga	miR-245-5p
cgagat	miR-243-5p
ttccttaa	miR-4920
gagaaaa	miR-262
gagaaac	miR-1822-5p
aaatcga	miR-85-5p
aaaaga	miR-5545-3p
agaataaa	miR-1020-3p
gataagg	miR-791-5p
tttgta	miR-85-3p
cgtgctga	miR-2215-5p
atctgcaa	miR-2208b-3p
gtctttc	miR-71-5p
gtcttta	miR-2209c-3p
catctc	miR-2209b-3p
gtcaata	miR-2214-3p
cggccaaa	miR-1824-3p
ctacgca	miR-242
atattc	miR-786-5p
tgatccca	miR-4932
ttctcta	miR-247-5p
acggtc	miR-360-3p
ggtgcata	miR-4929
cagggca	miR-5548-3p
tgagatt	miR-259-5p
acgctc	miR-5595-3p
ctacgcaa	miR-242
aaaagcta	miR-261
aacatga	miR-5549-3p
gcaata	miR-234-3p,miR-235-3p
taggtaa	miR-252-3p
tcacca	miR-356b-5p
gcaatt	miR-353
caaatta	miR-2218b-3p
caaggcca	miR-235-5p
tttgata	miR-2-5p
ccaaaga	miR-244-5p
gagcccaa	miR-86-3p
atccaca	miR-40-5p
acccaa	miR-42-5p,miR-4927,miR-4937
cccgca	miR-264
acatccaa	miR-44-5p,miR-45-5p
gccagga	miR-358-5p
tgccacta	miR-2212-3p
agtttgg	miR-800-3p
ggtcaca	miR-360-5p
cgaacaa	miR-356b-3p
atcgcta	miR-1829b
cagtatta	miR-236-3p
acagcta	miR-2213-3p
cactta	miR-86-5p,miR-785,miR-1020-5p,miR-2221,miR-4816-5p
ggcaatta	miR-353
atttgca	miR-254
ttcacgg	miR-267
agcctc	miR-1833
caggca	miR-87-5p
gtacca	miR-243-3p
gaaagc	miR-80-5p
gattcg	miR-59-3p
attcaga	miR-83-5p
tgcccac	miR-1832b-3p
ttgctcaa	miR-87-3p,miR-233-3p,miR-356a
gtacact	miR-2208a-5p, miR-2208b-5p
actgcaa	miR-2208a-3p
gcccac	miR-1832b-3p
aaatgtg	miR-2216-5p
tttcgct	miR-1829c
ggtctta	miR-2220-5p
atggag	miR-2211-5p
cattgta	miR-84-3p
attcgct	miR-1832b-5p
acatatca	miR-50-5p,miR-62,miR-90-3p
atcctc	miR-240-5p
gagctaa	miR-4806-3p
cctcca	miR-78
ttcctaga	miR-1830-3p
agaccac	miR-1818
gtcaca	miR-360-5p
caaatt	miR-2218b-3p
cacccaca	miR-37-5p
gaagcgg	miR-788-5p
ccagcaca	miR-M1-3p
aaactgca	miR-49-5p
tcaggga	lin-4-5p, miR-237-5p
cccggcga	miR-271
gaatacca	miR-234-5p
gtgctg	miR-2215-5p
gtgcta	miR-49-3p,miR-83-3p
tcttcc	miR-M1-5p
cctttca	miR-229-3p
caaagca	miR-4936
cgatgata	miR-392-3p
gcaggg	miR-789
cacgga	miR-267
aagggcc	miR-5592-5p
ctggcaga	miR-5552-3p
cgagta	miR-1834-5p
agggttca	miR-799
tagccga	miR-34-3p
ctaataa	miR-230-3p
tggcca	miR-2218a-3p
agacaca	miR-239a-3p
attcag	miR-83-5p
attcac	miR-2207-5p
acctga	miR-2211-3p
agctcg	miR-57-3p
acgggt	miR-51-5p,miR-52-5p,miR-53-5p,miR-54-3p,miR-55-3p,miR-56-3p
aattaca	miR-1019-3p
aaaagaga	miR-5595-5p
cgagaaa	miR-262
acgggc	miR-273
gtgcaata	miR-235-3p
gcataata	miR-60-3p
gaacttaa	miR-4809-5p
cgagctta	miR-231-3p,miR-787-3p
ctgaaga	miR-250-5p
acaccca	miR-42-5p
cgggta	miR-51-5p,miR-52-5p,miR-53-5p,miR-54-3p,miR-55-3p,miR-56-3p
cggtga	miR-35-3p,miR-36-3p,miR-37-3p,miR-38-3p,miR-39-3p,miR-40-3p,miR-41-3p,miR-42-3p,miR-259-3p
aactctc	miR-792-5p
cattcca	miR-1-3p, miR-256, miR-796, miR-1819-3p
gcggtaa	miR-5593-3p
aggtga	lin-4-3p
aggtgt	miR-253-5p
ttcgaaa	miR-4925
tctgta	miR-2953-5p
agcgga	miR-788-5p
aacaagg	miR-354
aaggctta	miR-798
ttgttca	miR-4811-5p
agtggtt	miR-4812-3p
gatccc	miR-4932
tcatctca	miR-2209b-3p
gatccg	miR-228-3p
aattacaa	miR-1019-3p
taacgcca	miR-790-3p
tggtta	miR-1829a-3p,miR-4812-3p
aattcag	miR-83-5p
atctctca	miR-1018
aattcac	miR-2207-5p
aaagtta	miR-5547-5p
cgacta	miR-75-5p
aaagcca	miR-90-5p
cccggtg	miR-35-3p, miR-36-3p, miR-37-3p, miR-38-3p, miR-39-3p, miR-40-3p, miR-41-3p, miR-42-3p
tgtgcc	miR-784-5p
tgtgca	miR-2207-3p
acccaca	miR-37-5p
atcagc	miR-39-5p
aagaca	miR-236-5p
ctcatac	miR-4815
gccgca	miR-4805-5p
gacttta	miR-2210-3p
tggcaga	miR-5552-3p
tcattcca	miR-1819-3p
acccac	miR-37-5p
atttac	miR-5551-5p
tacctg	miR-2211-3p
gtgtaa	miR-248
tacctc	let-7-5p,miR-48-5p,miR-84-5p,miR-241-5p,miR-793,miR-794-5p,miR-795-5p
atacaaaa	lsy-6
atgatga	miR-4938
aattcaga	miR-83-5p
gaccaag	miR-230-5p
ttcacaaa	miR-5549-5p
gaccaaa	miR-245-3p
aattttta	miR-5546-3p
agctaa	miR-4806-3p
ccccta	miR-1829a-5p
ttcaga	miR-83-5p
ctgtga	miR-249-3p
acagtca	miR-231-5p
cgttgca	miR-64-3p, miR-249-5p
caaaga	miR-244-5p
caaagc	miR-4936
ctcaggga	lin-4-5p,miR-237-5p
ctccctca	miR-265
gtgtcat	miR-63-3p, miR-64-5p, miR-65-5p, miR-66-5p, miR-229-5p
caacga	miR-76-3p
tgcgga	miR-50-3p
ctttgat	miR-2-5p
tcatta	miR-5550-3p
aatcctc	miR-240-5p
catttaca	miR-5551-5p
catgta	miR-246-3p
gtagttta	miR-2218a-5p
atgatcta	miR-1022-5p
aatgaaaa	miR-797-3p
gccaaa	miR-790-5p,miR-791-3p,miR-1824-3p
gatccga	miR-228-3p
tcaggg	lin-4-5p,miR-237-5p
agcttta	miR-75-3p, miR-79-3p
tcaggc	miR-87-5p
ttgtatta	miR-4809-3p
agcccaa	miR-86-3p
actcta	miR-2217-5p,miR-5594-5p
atagtca	miR-4813-5p
actatcaa	miR-1022-3p
ccaggtga	lin-4-3p
tcgccgg	miR-4935
aactgc	miR-49-5p
cctacta	miR-253-3p
atctgcca	miR-2210-5p,miR-2212-5p
atctca	miR-58-3p,miR-80-3p,miR-81-3p,miR-82-3p,miR-1834-3p,miR-2209a-3p,miR-2209b-3p
aacaagga	miR-354
atgggcga	miR-233-5p
ctacctga	miR-2211-3p
gagaagg	miR-5548-5p
accaaag	miR-244-5p
acttta	miR-2210-3p
ggccaa	miR-1824-3p
gtgcat	miR-4929
tatctta	miR-787-5p, miR-4808-5p
ggcatta	miR-357-3p, miR-786-3p
cacgctc	miR-5595-3p
aatgca	miR-392-5p
ttacctca	miR-794-5p
atgaaaa	miR-797-3p
atcggtg	miR-259-3p
gaggtgt	miR-253-5p
ttctgta	miR-2953-5p
agttta	miR-2218a-5p
ttcatta	miR-5550-3p
atttaca	miR-5551-5p
taacgt	miR-52-3p
gtaagac	miR-236-5p
aaagct	miR-261
agggca	miR-58-5p,miR-5548-3p
agggcc	miR-5592-5p
aaagca	miR-80-5p,miR-4936
tgcctta	miR-124-3p
aaagcc	miR-90-5p
actaca	miR-5552-5p
aataga	miR-245-5p
catgata	miR-1819-5p
atgatgaa	miR-4938
tggatga	miR-48-3p
ggatga	miR-48-3p
gtagttt	miR-2218a-5p
tcacgga	miR-267
ctctcta	miR-46-5p, miR-47-5p
gtggcac	miR-4921
gtggcaa	miR-5553-5p
atcactt	miR-2221
gtagcaa	miR-65-3p
gatcta	miR-1022-5p
ttgatgta	miR-43-5p
gcattta	miR-232-3p
ttaggca	miR-246-5p
atgagca	miR-67-5p
agtatt	miR-236-3p
tttcttaa	miR-255-5p
cgcatta	miR-4807
actctca	miR-792-5p
cctaca	miR-272
agatta	miR-259-5p
agaaaca	miR-1822-5p
ttttta	miR-5546-3p
gtacaa	miR-238-3p,miR-239a-5p,miR-239b-5p
tgagcta	miR-4806-3p
cgccgga	miR-4935
tcctaga	miR-1830-3p
agagct	miR-4808-3p
tctttca	miR-71-5p
tttcgaa	miR-4925
cagtca	miR-231-5p
gtgcatg	miR-124-5p
tcatctc	miR-2209b-3p
ctactta	miR-251, miR-252-5p
gtgcata	miR-4929
cgtacca	miR-243-3p
gtggcaca	miR-4921
acattgt	miR-84-3p
tcaaaac	miR-258
cgatctc	miR-58-3p
tagttca	let-7-3p
accaaaa	miR-79-5p
ataagga	miR-791-5p
cgtgtaa	miR-248
gtaaccc	miR-61-5p
gagccca	miR-86-3p
tatcca	miR-54-5p
ccgact	miR-75-5p
ctttgta	miR-85-3p
gtgcaa	miR-2207-3p
gtcaat	miR-2214-3p
catgaca	miR-46-3p, miR-47-3p
tatttca	miR-70-5p
tgtcat	miR-63-3p,miR-64-5p,miR-65-5p,miR-66-5p,miR-229-5p
gtgata	miR-2-3p,miR-43-3p,miR-71-3p,miR-250-3p,miR-797-5p,miR-2953-3p
ctcaggg	lin-4-5p, miR-237-5p
tgatga	miR-77-3p,miR-4938
tgatctca	miR-80-3p,miR-81-3p,miR-82-3p,miR-1834-3p,miR-2209a-3p
ttcactta	miR-86-5p,miR-785
tgatgt	miR-43-5p
gtttgga	miR-800-3p
tcggtga	miR-259-3p
tcattcc	miR-1819-3p
tttcaa	miR-792-3p
gaataa	miR-1020-3p
ctgcaga	miR-232-5p
gacatca	miR-260
gtgccgta	miR-53-3p
aagccca	miR-74-5p, miR-76-5p
aaaacaa	miR-355
actgaag	miR-250-5p
tgtaga	miR-4816-3p
aaaatta	miR-4805-3p
tgtagg	miR-357-5p
gtacaaa	miR-238-3p, miR-239a-5p, miR-239b-5p
gggttc	miR-799
ttttca	miR-794-3p
tggcaa	miR-5553-5p
tggcac	miR-4921
tggcag	miR-5552-3p
acgtatta	miR-70-3p
gtcttgca	miR-269
agacaaa	miR-241-3p
acaaaaga	miR-5545-3p
aaagtt	miR-5547-5p
attcca	miR-1-3p,miR-256,miR-796,miR-1819-3p
ccactct	miR-2217-5p
gggcatta	miR-786-3p
taaccca	miR-61-5p
ttctgcc	miR-55-5p
gtaacgta	miR-52-3p
gtttgg	miR-800-3p
tcgcatt	miR-4807
actccta	miR-4926
tctggcca	miR-2218a-3p
tcaaaaca	miR-258
cgaacaaa	miR-356b-3p
atgata	miR-392-3p,miR-1819-5p
caaataga	miR-245-5p
agggcca	miR-5592-5p
acctttca	miR-229-3p
aacccaa	miR-4927
ctccta	miR-4926
tctctca	miR-1018
ttgcaa	miR-64-3p
tgtacata	miR-784-3p
atcaggc	miR-87-5p
gacttt	miR-2210-3p
gcccaca	miR-1832b-3p
tactca	miR-4810
cgccgta	miR-4923b
tctctc	miR-1018
tctcta	miR-46-5p,miR-47-5p,miR-247-5p
gcctaca	miR-272
aaaatcg	miR-85-5p
aacctca	miR-1830-5p
ttgccgc	miR-4805-5p
aaacctc	miR-1830-5p
aaccaca	miR-41-5p
atttca	miR-70-5p,miR-788-3p,miR-792-3p
tccagt	miR-60-5p,miR-1823
ttgtga	miR-67-3p
tatcttaa	miR-4808-5p
tacgcaa	miR-242
gatagg	miR-5547-3p
caccaaa	miR-79-5p
gaagtata	miR-1-5p
cgaatgc	miR-392-5p
taataca	miR-5592-3p
ctttgata	miR-2-5p
aaggcc	miR-235-5p
gaccaca	miR-1818
tgatct	miR-1022-5p
gcaatta	miR-353
tacggtca	miR-360-3p
tctcacc	miR-356b-5p
aacctc	miR-1830-5p
tctcact	miR-1021
caaccata	miR-77-5p
tagctcga	miR-57-3p
ggtgct	miR-49-3p,miR-83-3p
aattttt	miR-5546-3p
ccatgaca	miR-46-3p,miR-47-3p
acccgca	miR-264
attggct	miR-1817
gtgccaa	miR-790-5p, miR-791-3p
accaag	miR-230-5p
accaaa	miR-79-5p,miR-245-3p,miR-358-3p
atgggcg	miR-233-5p
tacata	miR-784-3p
attggca	miR-36-5p
gtgccat	miR-228-5p
tgccgc	miR-4805-5p
tacagcta	miR-2213-3p
tgccgt	miR-53-3p
accaaga	miR-230-5p
caaggcc	miR-235-5p
gtactcta	miR-5594-5p
attgtc	miR-800-5p
attgta	miR-84-3p
tccccta	miR-1829a-5p
cggcga	miR-271
tagtca	miR-44-3p,miR-45-3p,miR-61-3p,miR-247-3p,miR-2218b-5p,miR-4813-5p
gagacaaa	miR-241-3p
gcctta	miR-124-3p
aaaacc	miR-81-5p,miR-82-5p
aaaaca	miR-258
gcagta	miR-244-3p
taagga	miR-791-5p
gcccaa	miR-86-3p
accgaa	miR-2214-5p
tgtatta	miR-4809-3p
gtgcca	miR-784-5p
gaaaacc	miR-81-5p, miR-82-5p
acacttaa	miR-1020-5p
gcggta	miR-5593-3p
agtcaa	miR-231-5p
ctactaa	miR-253-3p
ggcctcc	miR-78
tagagct	miR-4808-3p
aagcgg	miR-788-5p
actttgt	miR-85-3p
ccattga	miR-5553-3p
attttta	miR-5546-3p
gatgata	miR-392-3p
gcaataa	miR-234-3p
gtcttgc	miR-269
gtggatga	miR-48-3p
cctttc	miR-229-3p
cgagata	miR-243-5p
aaagag	miR-5595-5p
tttcgcta	miR-1829c
gttttc	miR-794-3p
gatgta	miR-43-5p
gaagga	miR-5548-5p
atctctc	miR-1018
gttaggc	miR-246-5p
tattga	miR-4813-3p
ccagta	miR-60-5p,miR-240-3p,miR-1823
aataaa	miR-1020-3p
aaactac	miR-5552-5p
gtccccta	miR-1829a-5p
gaagtcca	miR-73-5p
gtacacta	miR-2208a-5p,miR-2208b-5p
tgtagtca	miR-2218b-5p
cctactaa	miR-253-3p
tcgtacc	miR-243-3p
aacgcca	miR-790-3p
gacaaa	miR-241-3p
ctgtgcaa	miR-2207-3p
gatattc	miR-786-5p
atattgaa	miR-4813-3p
atcatgc	miR-270
ctcggc	miR-4934
gtagccg	miR-34-3p
caacatga	miR-5549-3p
gctttaa	miR-75-3p, miR-79-3p
tgtgcaa	miR-2207-3p
ttgagaa	miR-4814-5p
ggttgtga	miR-67-3p
cagtcaa	miR-231-5p
catgtaa	miR-246-3p
ggtcacaa	miR-360-5p
caccaaaa	miR-79-5p
ccgccca	miR-1832a
cccggcg	miR-271
aaccata	miR-77-5p
atgcgg	miR-50-3p
ctcgacaa	miR-237-3p
atgtaa	miR-246-3p
gtagccga	miR-34-3p
tggcatt	miR-357-3p
ttgata	miR-2-5p
gtgcatga	miR-124-5p
tgatccga	miR-228-3p
ggcagcta	miR-1822-3p
tcctgtg	miR-249-3p
gcttta	miR-75-3p,miR-79-3p
ttgatgt	miR-43-5p
gtagca	miR-65-3p
ttgttc	miR-4811-5p
cttgcca	miR-72-5p, miR-73-3p, miR-74-3p, miR-266
actaata	miR-230-3p
catcaa	miR-260
cgaaagc	miR-80-5p
ctaccca	miR-4937
tcgtcaa	miR-2219-3p
tacccaa	miR-4937
aaacca	miR-81-5p,miR-82-5p
gcgaagc	miR-72-3p
aacgaa	miR-76-3p
aaacccaa	miR-4927
ctgaag	miR-250-5p
ggcaca	miR-4921
acacccaa	miR-42-5p
cgacttt	miR-2210-3p
aggaatta	miR-66-3p
tttctta	miR-255-5p
tatcaa	miR-1022-3p
cataca	miR-4815
gatcgcta	miR-1829b
atcagcga	miR-4931
aactgcaa	miR-2208a-3p
cttctgta	miR-2953-5p
ccgaaa	miR-2214-5p
gtatta	miR-70-3p,miR-236-3p,miR-4809-3p
accata	miR-77-5p
aggcagc	miR-4930
tgttat	miR-4811-3p
tgctga	miR-2215-5p
aacaaa	miR-355,miR-356b-3p
cagcta	miR-1822-3p,miR-2213-3p
atttcaa	miR-792-3p
tgcctt	miR-124-3p
ttgtagg	miR-357-5p
aaaacca	miR-81-5p, miR-82-5p
ttgtaga	miR-4816-3p
actaataa	miR-230-3p
actcctaa	miR-4926
ctgatgaa	miR-77-3p
accagtg	miR-359
agctga	miR-2219-5p
gcctac	miR-272
tactaa	miR-253-3p
atctta	miR-787-5p,miR-4808-5p
ttaataca	miR-5592-3p
acctca	let-7-5p,miR-48-5p,miR-84-5p,miR-241-5p,miR-793,miR-794-5p,miR-795-5p,miR-1821,miR-1830-5p
aagtga	miR-239b-3p
ccactcta	miR-2217-5p
gcatgat	miR-1819-5p
cagcga	miR-4931
gcaggga	miR-789
tcgacaa	miR-237-3p
aaccgg	miR-38-5p,miR-5545-5p
ggcggg	miR-5550-5p
ctcataca	miR-4815
agtata	miR-1-5p
gaagcgga	miR-788-5p
aggctt	miR-798
cagggta	miR-57-5p
gaagccca	miR-74-5p,miR-76-5p
tagagcta	miR-4808-3p
tagtgat	miR-71-3p, miR-2953-3p
ttaatac	miR-5592-3p
ctatcaa	miR-1022-3p
gccagta	miR-240-3p
gtcacaa	miR-360-5p
cacccgca	miR-264
tatttc	miR-70-5p
aggtgta	miR-253-5p
agggta	miR-57-5p
aatgaaa	miR-797-3p
ggaccaa	miR-245-3p
acatcca	miR-44-5p, miR-45-5p, miR-238-5p
acaaagca	miR-4936
acagggca	miR-5548-3p
cgctcta	miR-4812-5p
atcgct	miR-1829b
gtggatg	miR-48-3p
atgctcaa	miR-1019-5p
tagcaa	miR-65-3p
acgggta	miR-51-5p, miR-52-5p, miR-53-5p, miR-54-3p, miR-55-3p, miR-56-3p
gcataat	miR-60-3p
aaccac	miR-41-5p
tagggc	miR-58-5p
tgtatt	miR-4809-3p
ccatgac	miR-46-3p, miR-47-3p
gtctttca	miR-71-5p
caaaatt	miR-4805-3p
ggaccaaa	miR-245-3p
ctcggca	miR-4934
tggcaca	miR-4921
cattta	miR-232-3p
ccgagata	miR-243-5p
aggctta	miR-798
ataccaaa	miR-358-3p
tgcggta	miR-5593-3p
caaatag	miR-245-5p
tagttta	miR-2218a-5p
aaagaga	miR-5595-5p
cgttgcaa	miR-64-3p
aatgtga	miR-2216-5p
aacgta	miR-52-3p
caggacg	miR-59-5p
cacccgc	miR-264
aaaagtga	miR-239b-3p
tatgcgg	miR-50-3p
ggaatt	miR-66-3p
atacttaa	miR-4924
gcgctct	miR-4812-5p
gagttaga	miR-63-5p
cttcca	miR-M1-5p
gtgccgt	miR-53-3p
accaca	miR-41-5p,miR-1818
gatccca	miR-4932
gaaagcca	miR-90-5p
tgagatta	miR-259-5p
gagatta	miR-259-5p
gtagtca	miR-2218b-5p
ggcaatt	miR-353
aaatta	miR-2218b-3p,miR-4805-3p
ataccaa	miR-358-3p
ggttgtg	miR-67-3p
tccctca	miR-265
cgaaagca	miR-80-5p
aaaatcga	miR-85-5p
ctacctca	let-7-5p,miR-48-5p,miR-84-5p,miR-241-5p,miR-795-5p
tttctcta	miR-247-5p
tggtgct	miR-49-3p, miR-83-3p
tccgccc	miR-1832a
tccgcca	miR-56-5p, miR-2213-5p
tcgtca	miR-2219-3p
gtacat	miR-784-3p
gaagtat	miR-1-5p
atccgcc	miR-56-5p
aaggctt	miR-798
cgatctca	miR-58-3p
agtcca	miR-73-5p
cttccag	miR-1828
aattgtca	miR-800-5p
gcagca	miR-4930
aatggt	miR-1820-3p
gtagggca	miR-58-5p
cttccat	miR-51-3p
aagtta	miR-5547-5p
aatacca	miR-234-5p
cactcta	miR-2217-5p
gtgcaat	miR-235-3p
caacatg	miR-5549-3p
atacctca	miR-793
tagacac	miR-239a-3p
atactta	miR-4924
ataagg	miR-791-5p
gttatat	miR-4922
gtgccaaa	miR-790-5p,miR-791-3p
tacgggca	miR-273
acattcca	miR-1-3p,miR-796
atgagc	miR-67-5p
atagga	miR-5547-3p
atggtta	miR-1829a-3p
aaactgc	miR-49-5p
aataca	miR-5592-3p
aatacc	miR-234-5p
ttgctca	miR-87-3p, miR-233-3p, miR-356a
cgtagca	miR-65-3p
acaaaa	lsy-6
cgattca	miR-2215-3p
cgattcg	miR-59-3p
tgtgcca	miR-784-5p
ccatttca	miR-788-3p
aatcaaa	miR-1820-5p
aaccagca	miR-35-5p
cgagctt	miR-231-3p, miR-787-3p
ccggtg	miR-35-3p,miR-36-3p,miR-37-3p,miR-38-3p,miR-39-3p,miR-40-3p,miR-41-3p,miR-42-3p
taccaa	miR-358-3p
ggcctcca	miR-78
caattg	miR-2220-3p
caatta	miR-353
tcacaaa	miR-5549-5p
tactta	miR-251,miR-252-5p,miR-4924
acatatc	miR-50-5p, miR-62, miR-90-3p
agaagga	miR-5548-5p
gtatttca	miR-70-5p
cattcc	miR-1-3p,miR-256,miR-796,miR-1819-3p
acagct	miR-2213-3p
aagcagta	miR-244-3p
ggccagg	miR-358-5p
ctaata	miR-230-3p
cagtga	miR-359
ggccagt	miR-240-3p
gcatgata	miR-1819-5p
atcactta	miR-2221
caacgaa	miR-76-3p
ttcttaa	miR-255-5p
tgatgta	miR-43-5p
gctcaa	miR-87-3p,miR-233-3p,miR-356a,miR-1019-5p
gtaaccca	miR-61-5p
aaacaa	miR-355
agagcta	miR-4808-3p
aacgcc	miR-790-3p
ccctca	miR-265
attcgcta	miR-1832b-5p
aggcca	miR-235-5p
ttctgt	miR-2953-5p
tacact	miR-2208a-5p,miR-2208b-5p,miR-2209a-5p,miR-2209c-5p
tcttgca	miR-268, miR-269
tcttgcc	miR-72-5p, miR-73-3p, miR-74-3p, miR-266
tccctc	miR-265
tacaca	miR-2209b-5p
gtaacgt	miR-52-3p
tggaga	miR-2211-5p
cagcaca	miR-M1-3p
cataat	miR-60-3p
cgtggcaa	miR-5553-5p
accgaaa	miR-2214-5p
tcagtta	miR-255-3p
catatcca	miR-54-5p
gtgttat	miR-4811-3p
tgttca	miR-4811-5p
gtatctt	miR-787-5p
taccaaa	miR-358-3p
catcca	miR-44-5p,miR-45-5p,miR-238-5p
tgccgca	miR-4805-5p
gaagca	miR-72-3p
cactgcca	miR-34-5p,miR-1824-5p,miR-4933
attcga	miR-59-3p
tactct	miR-5594-5p
cgccca	miR-1832a
tgctcaa	miR-87-3p, miR-233-3p, miR-356a, miR-1019-5p
acaagg	miR-354
acattgta	miR-84-3p
gcctca	miR-1833
ctcttta	miR-4923a
gcctcc	miR-78
atattga	miR-4813-3p
agcctca	miR-1833
gatctc	miR-58-3p,miR-80-3p,miR-81-3p,miR-82-3p,miR-1834-3p,miR-2209a-3p
gccacta	miR-2212-3p
ggccagta	miR-240-3p
gatttca	miR-792-3p
gagaaaca	miR-1822-5p
ctgcag	miR-232-5p
gttgcaa	miR-64-3p
ctgcaa	miR-2208a-3p,miR-2208b-3p
aatgtg	miR-2216-5p
aaactaca	miR-5552-5p
tacgggta	miR-51-5p,miR-52-5p,miR-53-5p,miR-54-3p,miR-55-3p,miR-56-3p
atagtc	miR-4813-5p
aagtat	miR-1-5p
acagtcaa	miR-231-5p
acaagga	miR-354
ttgcca	miR-72-5p,miR-73-3p,miR-74-3p,miR-266
ttgccc	miR-4814-3p
ctgtgat	miR-2-3p, miR-43-3p, miR-250-3p, miR-797-5p
gaggtgta	miR-253-5p
aaccat	miR-77-5p
cttccaga	miR-1828
gttcaaa	miR-5594-3p
gatagtc	miR-4813-5p
accgagta	miR-1834-5p
aggtaa	miR-252-3p
ctttgt	miR-85-3p
ccagga	miR-358-5p
caggacga	miR-59-5p
gaaaggga	miR-5546-5p
tgtagga	miR-357-5p
tttgat	miR-2-5p
acatcaa	miR-260
ttgtagaa	miR-4816-3p
tagccg	miR-34-3p
aaaagag	miR-5595-5p
cgagaaaa	miR-262
catccaca	miR-40-5p
aattggc	miR-36-5p
aattgga	miR-5551-3p
ctgatga	miR-77-3p
atccgcca	miR-56-5p
aagctga	miR-2219-5p
caccca	miR-42-5p
gtacata	miR-784-3p
atcttaa	miR-4808-5p
gctcggca	miR-4934
gaccac	miR-1818
gaccaa	miR-245-3p
gtaagaca	miR-236-5p
gaaaacca	miR-81-5p,miR-82-5p
atcatgca	miR-270
atggta	miR-1820-3p
ctatca	miR-1022-3p
atggtt	miR-1829a-3p
ctacctc	let-7-5p, miR-48-5p, miR-84-5p, miR-241-5p, miR-795-5p
tccgcc	miR-56-5p,miR-2213-5p
ctacctg	miR-2211-3p
aaattgg	miR-5551-3p
acatgtaa	miR-246-3p
ctccctc	miR-265
accgacta	miR-75-5p
atatcca	miR-54-5p
ttccag	miR-1828
ccattg	miR-5553-3p
tttcatt	miR-5550-3p
aagccc	miR-74-5p,miR-76-5p
aagcca	miR-90-5p
gcgttgca	miR-249-5p
ttccat	miR-51-3p
caaaac	miR-258
acgcca	miR-790-3p
aaacctca	miR-1830-5p
caaaag	miR-5545-3p
atcaaaa	miR-1820-5p
aaaccaca	miR-41-5p
gtagaa	miR-4816-3p
atagttca	let-7-3p
acaaatt	miR-2218b-3p
tggatg	miR-48-3p
ggcatt	miR-357-3p,miR-786-3p
cgtcaa	miR-2219-3p
acaacgaa	miR-76-3p
tcatgca	miR-270
cccattg	miR-5553-3p
taacgta	miR-52-3p
aatcga	miR-85-5p
agccca	miR-74-5p,miR-76-5p,miR-86-3p
tcaaaa	miR-1820-5p
tcctag	miR-1830-3p
tcaata	miR-2214-3p
tcctaa	miR-4926
taatac	miR-5592-3p
taataa	miR-230-3p
tgccca	miR-4814-3p
ctggcca	miR-2218a-3p
accaaaga	miR-244-5p
aaattgga	miR-5551-3p
catccac	miR-40-5p
gttata	miR-4811-3p
gctctcta	miR-46-5p,miR-47-5p
ttctgcca	miR-55-5p
gttacac	miR-2209b-5p
tcatgc	miR-270
tagataa	miR-2216-3p
caggtga	lin-4-3p
acatga	miR-5549-3p
tatata	miR-4922
gaagtcc	miR-73-5p
gaacaa	miR-356b-3p
gaaaggg	miR-5546-5p
tagacaca	miR-239a-3p
gttacaca	miR-2209b-5p
agaaaa	miR-262
cagtta	miR-255-3p
tacgggc	miR-273
tgcatga	miR-124-5p
tacgggt	miR-51-5p, miR-52-5p, miR-53-5p, miR-54-3p, miR-55-3p, miR-56-3p
tgagca	miR-67-5p
ggccagga	miR-358-5p
ggcaggga	miR-789
cagccata	miR-5593-5p
gggcca	miR-5592-5p
aaatgtga	miR-2216-5p
gggtcga	miR-2217-3p
ttacaa	miR-1019-3p
ttacac	miR-2209b-5p
attggcta	miR-1817
ttcgct	miR-1829c,miR-1832b-5p
atgaaa	miR-797-3p
gacctca	miR-1821
gatttcaa	miR-792-3p
taggtaaa	miR-252-3p
ttcctta	miR-4920
ggaatta	miR-66-3p
gtatctta	miR-787-5p
cgtacc	miR-243-3p
tattca	miR-786-5p
gttgaga	miR-4814-5p
aatcagca	miR-39-5p
aggtaaa	miR-252-3p
gcgaagca	miR-72-3p
attgttca	miR-4811-5p
cttgcc	miR-72-5p,miR-73-3p,miR-74-3p,miR-266
atcctca	miR-240-5p
tcacgat	miR-795-3p
tgatcta	miR-1022-5p
tgatctc	miR-80-3p, miR-81-3p, miR-82-3p, miR-1834-3p, miR-2209a-3p
acatgta	miR-246-3p
ggcggga	miR-5550-5p
caaaaga	miR-5545-3p
ccgccgt	miR-4923b
aatcagc	miR-39-5p
cccggtga	miR-35-3p,miR-36-3p,miR-37-3p,miR-38-3p,miR-39-3p,miR-40-3p,miR-41-3p,miR-42-3p
cttctgt	miR-2953-5p
acagggta	miR-57-5p
ctcact	miR-1021
actgca	miR-49-5p,miR-2208a-3p
actgcc	miR-34-5p,miR-1824-5p,miR-4933
ctcacc	miR-356b-5p
taccca	miR-4937
gtggca	miR-5553-5p
ccgagat	miR-243-5p
tcggca	miR-4934
ggtgcta	miR-49-3p, miR-83-3p
tacttaa	miR-251, miR-252-5p, miR-4924
gtagga	miR-357-5p
gacctc	miR-1821
ggacga	miR-59-5p
gcggga	miR-5550-5p
tctagtca	miR-44-3p,miR-45-3p,miR-61-3p,miR-247-3p
caaaatta	miR-4805-3p
aactgca	miR-49-5p, miR-2208a-3p
aggacga	miR-59-5p
ttcttcc	miR-M1-5p
cactgcc	miR-34-5p, miR-1824-5p, miR-4933
ctcacca	miR-356b-5p
aaacaaa	miR-355
tgcctaca	miR-272
tacaaa	miR-238-3p,miR-239a-5p,miR-239b-5p,lsy-6
gctcga	miR-57-3p
ttaggc	miR-246-5p
tttcatta	miR-5550-3p
ttcacaa	miR-5549-5p
ggcaga	miR-5552-3p
ggcagc	miR-4930
tctcttt	miR-4923a
actgcag	miR-232-5p
gtgcctt	miR-124-3p
gatagga	miR-5547-3p
tccata	miR-51-3p
gagaaa	miR-262
ctacta	miR-253-3p
gaatgc	miR-392-5p
attggc	miR-36-5p
attgga	miR-5551-3p
gtagggc	miR-58-5p
aattgg	miR-5551-3p
ccggtga	miR-35-3p, miR-36-3p, miR-37-3p, miR-38-3p, miR-39-3p, miR-40-3p, miR-41-3p, miR-42-3p
aattga	miR-2220-3p
acaattg	miR-2220-3p
aaaccca	miR-4927
atacta	miR-257
cgctca	miR-5595-3p
atactc	miR-4810
tgggcga	miR-233-5p
accgact	miR-75-5p
taagta	miR-4806-5p
agtggtta	miR-4812-3p
cgctct	miR-4812-5p
gaatgca	miR-392-5p
agttag	miR-63-5p
gtactct	miR-5594-5p
tgctca	miR-87-3p,miR-233-3p,miR-356a,miR-1019-5p
atctgcc	miR-2210-5p, miR-2212-5p
atctgca	miR-2208b-3p
cgaagca	miR-72-3p
ttgccgca	miR-4805-5p
cgtagcaa	miR-65-3p
gagttag	miR-63-5p
ggttca	miR-799
cgtatt	miR-70-3p
acaacga	miR-76-3p
aagcagt	miR-244-3p
acaaatta	miR-2218b-3p
ccgccc	miR-1832a
ccgcca	miR-56-5p,miR-2213-5p
catatc	miR-50-5p,miR-62,miR-90-3p
ttgaga	miR-4814-5p
gatgat	miR-392-3p
tagggca	miR-58-5p
catgat	miR-1819-5p
aaggcca	miR-235-5p
gatgaa	miR-77-3p,miR-4938
gcgttgc	miR-249-5p
catgac	miR-46-3p,miR-47-3p
agaataa	miR-1020-3p
ttcgtca	miR-2219-3p
tgcattt	miR-232-3p
ctgcca	miR-34-5p,miR-55-5p,miR-1824-5p,miR-2210-5p,miR-2212-5p,miR-4933
ctagtca	miR-44-3p, miR-45-3p, miR-61-3p, miR-247-3p
tttaca	miR-5551-5p
aagtcc	miR-73-5p
ctgtgca	miR-2207-3p
ctctct	miR-46-5p,miR-47-5p
tgcattta	miR-232-3p
aaccca	miR-61-5p,miR-4927
acctttc	miR-229-3p
ctctca	miR-792-5p,miR-1018
tgtcata	miR-63-3p, miR-64-5p, miR-65-5p, miR-66-5p, miR-229-5p
gttcaa	miR-5594-3p
gtggtta	miR-4812-3p
agtatta	miR-236-3p
actgcaga	miR-232-5p
actgaaga	miR-250-5p
cgaatgca	miR-392-5p
gatactc	miR-4810
gatacta	miR-257
aaaatt	miR-4805-3p
gtagataa	miR-2216-3p
acgtgta	miR-248
ttgtatt	miR-4809-3p
tttgccc	miR-4814-3p
ccacttaa	miR-4816-5p
aactac	miR-5552-5p
tagtgata	miR-71-3p,miR-2953-3p
cgatagg	miR-5547-3p
tttgca	miR-254
ctcgaca	miR-237-3p
aaaagct	miR-261
gttaga	miR-63-5p
cggtaa	miR-5593-3p
tccttaa	miR-4920
ttgtagga	miR-357-5p
ttacact	miR-2209a-5p, miR-2209c-5p
tgccgta	miR-53-3p
taggca	miR-246-5p
agtgata	miR-71-3p, miR-2953-3p
atccca	miR-4932
aaaggga	miR-5546-5p
ttacaca	miR-2209b-5p
tgcctac	miR-272
tcctca	miR-240-5p
cgtggca	miR-5553-5p
ttcagtta	miR-255-3p
tgtacat	miR-784-3p
ggtcga	miR-2217-3p
gtaagta	miR-4806-5p
gggcggg	miR-5550-5p
acgcaa	miR-242
ttatat	miR-4922
tacctca	let-7-5p, miR-48-5p, miR-84-5p, miR-241-5p, miR-793, miR-794-5p, miR-795-5p
atcaaa	miR-1820-5p
ccaaga	miR-230-5p
ttcagtt	miR-255-3p
gtcata	miR-63-3p,miR-64-5p,miR-65-5p,miR-66-5p,miR-229-5p
tctcacca	miR-356b-5p
aatggtta	miR-1829a-3p
tgatact	miR-257
gaatta	miR-66-3p
tcgtacca	miR-243-3p
agccat	miR-5593-5p
ttcttcca	miR-M1-5p
cataata	miR-60-3p
tccagta	miR-60-5p, miR-1823
gagata	miR-243-5p
acccgc	miR-264
cgtatta	miR-70-3p
accagc	miR-35-5p
catccaa	miR-44-5p, miR-45-5p
gagatt	miR-259-5p
tgccat	miR-228-5p
tacaaaa	lsy-6
gtatttc	miR-70-5p
ctggcag	miR-5552-3p
aacatg	miR-5549-3p
tgccaa	miR-790-5p,miR-791-3p
gggtcg	miR-2217-3p
cgttttc	miR-794-3p
taagac	miR-236-5p
gagaagga	miR-5548-5p
tggcta	miR-1817
tagctcg	miR-57-3p
ttcgtcaa	miR-2219-3p
agggtcg	miR-2217-3p
ttcaaa	miR-5594-3p
catttc	miR-788-3p
gattcga	miR-59-3p
agctta	miR-231-3p,miR-787-3p
gccagg	miR-358-5p
gccagt	miR-240-3p
agcagt	miR-244-3p
ccactta	miR-4816-5p
agaagg	miR-5548-5p
agttcaa	miR-5594-3p
tttctct	miR-247-5p
gaactta	miR-4809-5p
atgaca	miR-46-3p,miR-47-3p
tcataca	miR-4815
cttccata	miR-51-3p
tgaaaa	miR-797-3p
tcttcca	miR-M1-5p
tctgcc	miR-55-5p,miR-2210-5p,miR-2212-5p
tctgca	miR-2208b-3p
gtgcctta	miR-124-3p
ttcgaa	miR-4925
tcttgcca	miR-72-5p,miR-73-3p,miR-74-3p,miR-266
gttgtg	miR-67-3p
agacaa	miR-241-3p
agacac	miR-239a-3p
ccgccgta	miR-4923b
tgtcaat	miR-2214-3p
gaccgaaa	miR-2214-5p
caatggta	miR-1820-3p
agtacaa	miR-238-3p, miR-239a-5p, miR-239b-5p
ttcgcta	miR-1829c, miR-1832b-5p
cagggt	miR-57-5p
tgagaa	miR-4814-5p
ccagtg	miR-359
cgatagga	miR-5547-3p
caggga	lin-4-5p,miR-237-5p,miR-789
cagggc	miR-5548-3p
ccacta	miR-2212-3p
caagga	miR-354
gttgtga	miR-67-3p
aaagctga	miR-2219-5p
cattga	miR-5553-3p
catttac	miR-5551-5p
aatggtt	miR-1829a-3p
aacatcc	miR-238-5p
tattgaa	miR-4813-3p
aaaacaaa	miR-355
cattgt	miR-84-3p
tgccact	miR-2212-3p
gttaggca	miR-246-5p
aaaagtt	miR-5547-5p
aatggta	miR-1820-3p
gtcccct	miR-1829a-5p
tcacgg	miR-267
gggcggga	miR-5550-5p
ttgtgcc	miR-784-5p
gaataaa	miR-1020-3p
ctagtc	miR-44-3p,miR-45-3p,miR-61-3p,miR-247-3p
atcaggca	miR-87-5p
gatattca	miR-786-5p
gttatata	miR-4922
aactctca	miR-792-5p
agaaac	miR-1822-5p
aagcctca	miR-1833
aaaagtta	miR-5547-5p
aagcta	miR-261
aagctg	miR-2219-5p
gccgta	miR-53-3p,miR-4923b
acaaagc	miR-4936
ttctct	miR-247-5p
ggctta	miR-798
cacgctca	miR-5595-3p
gatctca	miR-58-3p, miR-80-3p, miR-81-3p, miR-82-3p, miR-1834-3p, miR-2209a-3p
tcgaaa	miR-4925
gaaaca	miR-1822-5p
tagata	miR-2216-3p
attcaca	miR-2207-5p
gcatga	miR-124-5p
agcaataa	miR-234-3p
agtttgga	miR-800-3p
agttca	let-7-3p
aattggca	miR-36-5p
tgggcg	miR-233-5p
acttaa	miR-251,miR-252-5p,miR-1020-5p,miR-4809-5p,miR-4816-5p,miR-4924
ccaggtg	lin-4-3p
attgaa	miR-4813-3p
tcttgc	miR-268,miR-269
gtccgcca	miR-2213-5p
aaaccac	miR-41-5p
attttt	miR-5546-3p
atgcgga	miR-50-3p
atacctc	miR-793
tccgccca	miR-1832a
aagtcca	miR-73-5p
aaaagtg	miR-239b-3p
acgctca	miR-5595-3p
tacggtc	miR-360-3p
tgagctaa	miR-4806-3p
tttgccca	miR-4814-3p
gatttgc	miR-254
ggtaagta	miR-4806-5p
gaagccc	miR-74-5p, miR-76-5p
cgccgg	miR-4935
tcacta	miR-1021
gataagga	miR-791-5p
ccttaa	miR-4920
ttcatt	miR-5550-3p
cgccgt	miR-4923b
tcatac	miR-4815
aacatcca	miR-238-5p
tcaggca	miR-87-5p
attaca	miR-1019-3p
catgca	miR-270
ttcacgga	miR-267
caaccat	miR-77-5p
acggtca	miR-360-3p
gcgctcta	miR-4812-5p
ggtcttt	miR-2209c-3p
ataata	miR-60-3p
gggttca	miR-799
tggtgcta	miR-49-3p,miR-83-3p
ttggca	miR-36-5p
aaatcg	miR-85-5p
gttgca	miR-64-3p,miR-249-5p
ttggct	miR-1817
agctcga	miR-57-3p
acactta	miR-1020-5p
gcagct	miR-1822-3p
agcagta	miR-244-3p
ttcctag	miR-1830-3p
ctttca	miR-71-5p,miR-229-3p
agaccaca	miR-1818
actctc	miR-792-5p
gtagata	miR-2216-3p
caataa	miR-234-3p
actttgta	miR-85-3p
atattca	miR-786-5p
cggtca	miR-360-3p
tctggcc	miR-2218a-3p
atacaaa	lsy-6
ttgtgcca	miR-784-5p
tctgcaa	miR-2208b-3p
gagctta	miR-231-3p, miR-787-3p
atccaa	miR-44-5p,miR-45-5p
aattcaca	miR-2207-5p
atccac	miR-40-5p
gcctcca	miR-78
atactca	miR-4810
aaagtg	miR-239b-3p
tgcaata	miR-235-3p
gacatcaa	miR-260
ccggcg	miR-271
ctgtgata	miR-2-3p,miR-43-3p,miR-250-3p,miR-797-5p
tcgcta	miR-1829b,miR-1829c,miR-1832b-5p
attgttc	miR-4811-5p
acgtatt	miR-70-3p
cgattcga	miR-59-3p
agcaata	miR-234-3p
ccagcac	miR-M1-3p
acgattc	miR-2215-3p
tacagct	miR-2213-3p
aagcctc	miR-1833
ttctta	miR-255-5p
ctggcc	miR-2218a-3p
ccaaaa	miR-79-5p
tcagcga	miR-4931
ccaaag	miR-244-5p
aagaga	miR-5595-5p
tcttta	miR-2209c-3p,miR-4923a
tctttc	miR-71-5p
cacaaa	miR-5549-5p
acgattca	miR-2215-3p
agccga	miR-34-3p
gacaca	miR-239a-3p
gccgga	miR-4935
gccata	miR-228-5p,miR-5593-5p
gcagcta	miR-1822-3p
ttcactt	miR-86-5p, miR-785
gcattcc	miR-256
cacccaa	miR-42-5p
cacccac	miR-37-5p
ttccagt	miR-60-5p, miR-1823
gttttca	miR-794-3p
gcatta	miR-357-3p,miR-786-3p,miR-4807
aggaatt	miR-66-3p
gcattt	miR-232-3p
tccaga	miR-1828
ccagca	miR-35-5p
gatcgct	miR-1829b
atatcc	miR-54-5p
atatca	miR-50-5p,miR-62,miR-90-3p
tgatccg	miR-228-3p
tgatccc	miR-4932
atgatct	miR-1022-5p
accagca	miR-35-5p
ctcttt	miR-4923a
atacca	miR-234-5p
gagacaa	miR-241-3p
ttggcta	miR-1817
gaaagcc	miR-90-5p
gaaagca	miR-80-5p
acaattga	miR-2220-3p
ttcaca	miR-2207-5p
acagggt	miR-57-5p
cccattga	miR-5553-3p
tcagca	miR-39-5p
tcagcg	miR-4931
acatca	miR-260
acagggc	miR-5548-3p
acatcc	miR-238-5p
gatactca	miR-4810
ggtaagt	miR-4806-5p
tcccct	miR-1829a-5p
tatctt	miR-787-5p
aagtata	miR-1-5p
tgcaga	miR-232-5p
cccaca	miR-37-5p,miR-1832b-3p
cacttaa	miR-1020-5p, miR-4816-5p
tgaaga	miR-250-5p
gctcggc	miR-4934
cctgtga	miR-249-3p
ttcttgca	miR-268
cgttttca	miR-794-3p
aggcagca	miR-4930
taagaca	miR-236-5p
acgata	miR-795-3p
tgcggtaa	miR-5593-3p
gaccaaga	miR-230-5p
cagcac	miR-M1-3p
ccatttc	miR-788-3p
ggtgcat	miR-4929
ccgagta	miR-1834-5p
atggaga	miR-2211-5p
aagggcca	miR-5592-5p
agctttaa	miR-75-3p,miR-79-3p
cttgca	miR-268,miR-269
tgtagtc	miR-2218b-5p
aattgtc	miR-800-5p
ggcagct	miR-1822-3p
atgctca	miR-1019-5p
atgtga	miR-2216-5p
tctcttta	miR-4923a
ggcagca	miR-4930
tcctta	miR-4920
tgatacta	miR-257
taaccc	miR-61-5p
aaaccgga	miR-38-5p,miR-5545-5p
gttgagaa	miR-4814-5p
cgttgc	miR-249-5p
caaaaca	miR-258
aactaca	miR-5552-5p
gtgttata	miR-4811-3p
catttca	miR-788-3p
cgggca	miR-273
aagcgga	miR-788-5p
aaaggg	miR-5546-5p
tgccaaa	miR-790-5p, miR-791-3p
tacacta	miR-2208a-5p, miR-2208b-5p, miR-2209a-5p, miR-2209c-5p
ggcaggg	miR-789
gggcga	miR-233-5p
gtaagt	miR-4806-5p
tcacaa	miR-360-5p,miR-5549-5p
catatca	miR-50-5p, miR-62, miR-90-3p
caatggt	miR-1820-3p
catatcc	miR-54-5p
attgtca	miR-800-5p
aatcaaaa	miR-1820-5p
accgga	miR-38-5p,miR-5545-5p
ttcttgc	miR-268
agtacaaa	miR-238-3p,miR-239a-5p,miR-239b-5p
agacctca	miR-1821
gaatacc	miR-234-5p
gatggaga	miR-2211-5p
ggccaaa	miR-1824-3p
cgacttta	miR-2210-3p
ggtgta	miR-253-5p
ggtcttta	miR-2209c-3p
aatgagca	miR-67-5p
tctcacta	miR-1021
ttccagta	miR-60-5p,miR-1823
aaagctg	miR-2219-5p
cgattc	miR-2215-3p
aaagtga	miR-239b-3p
aaagcta	miR-261
cctaga	miR-1830-3p
ttacctc	miR-794-5p
cgaagc	miR-72-3p
attacaa	miR-1019-3p
acaaaag	miR-5545-3p
gaacaaa	miR-356b-3p
tcgaca	miR-237-3p
gatttgca	miR-254
cgacaa	miR-237-3p
gtcttaa	miR-2220-5p
accagtga	miR-359
gcattcca	miR-256
accgagt	miR-1834-5p
taacgcc	miR-790-3p
aaaccgg	miR-38-5p, miR-5545-5p
acattcc	miR-1-3p, miR-796
catctca	miR-2209b-3p
gtgtcata	miR-63-3p,miR-64-5p,miR-65-5p,miR-66-5p,miR-229-5p
actgcca	miR-34-5p, miR-1824-5p, miR-4933
ttccaga	miR-1828
aggacg	miR-59-5p
tctagtc	miR-44-3p, miR-45-3p, miR-61-3p, miR-247-3p
cgtgta	miR-248
tacgca	miR-242
agggtcga	miR-2217-3p
gtggtt	miR-4812-3p
atcggtga	miR-259-3p
ctacccaa	miR-4937
agggttc	miR-799
ccgagt	miR-1834-5p
gctctct	miR-46-5p, miR-47-5p
gggcatt	miR-786-3p
gtcttt	miR-2209c-3p
tgcatg	miR-124-5p
tgcata	miR-4929
tcagtt	miR-255-3p
agccata	miR-5593-5p
gtctta	miR-2220-5p
atagttc	let-7-3p
ttatata	miR-4922
ctcctaa	miR-4926
aacttaa	miR-4809-5p
tagttc	let-7-3p
gtgccata	miR-228-5p
tagttt	miR-2218a-5p
cggccaa	miR-1824-3p
tcttaa	miR-255-5p,miR-2220-5p,miR-4808-5p
tgtcaata	miR-2214-3p
